,DataSetName,NominalEncoder,OrdinalEncoder,Score,Roc_auc_score
0,Car,BinaryEncoder,BinaryEncoder,0.8507462686567164,0.8464285714285714
1,Car,BinaryEncoder,HelmertEncoder,0.8507462686567164,0.8464285714285714
2,Car,BinaryEncoder,LabelEncoder,0.8507462686567164,0.8464285714285714
3,Car,BinaryEncoder,JamesSteinEncoder,0.8507462686567164,0.8464285714285714
4,Car,BinaryEncoder,BaseNEncoder,0.8507462686567164,0.8464285714285714
5,Car,BinaryEncoder,HashingEncoder,0.8507462686567164,0.8464285714285714
6,Car,BinaryEncoder,SumEncoder,0.8507462686567164,0.8464285714285714
7,Car,BinaryEncoder,OneHotEncoder,0.8507462686567164,0.8464285714285714
8,Car,BinaryEncoder,FrequencyEncoder,0.8507462686567164,0.8464285714285714
9,Car,BinaryEncoder,TargetEncoder,0.8507462686567164,0.8464285714285714
10,Car,HelmertEncoder,BinaryEncoder,0.8656716417910447,0.8620535714285714
11,Car,HelmertEncoder,HelmertEncoder,0.8656716417910447,0.8620535714285714
12,Car,HelmertEncoder,LabelEncoder,0.8656716417910447,0.8620535714285714
13,Car,HelmertEncoder,JamesSteinEncoder,0.8656716417910447,0.8620535714285714
14,Car,HelmertEncoder,BaseNEncoder,0.8656716417910447,0.8620535714285714
15,Car,HelmertEncoder,HashingEncoder,0.8656716417910447,0.8620535714285714
16,Car,HelmertEncoder,SumEncoder,0.8656716417910447,0.8620535714285714
17,Car,HelmertEncoder,OneHotEncoder,0.8656716417910447,0.8620535714285714
18,Car,HelmertEncoder,FrequencyEncoder,0.8656716417910447,0.8620535714285714
19,Car,HelmertEncoder,TargetEncoder,0.8656716417910447,0.8620535714285714
20,Car,LabelEncoder,BinaryEncoder,0.8208955223880597,0.8151785714285714
21,Car,LabelEncoder,HelmertEncoder,0.8208955223880597,0.8151785714285714
22,Car,LabelEncoder,LabelEncoder,0.8208955223880597,0.8151785714285714
23,Car,LabelEncoder,JamesSteinEncoder,0.8208955223880597,0.8151785714285714
24,Car,LabelEncoder,BaseNEncoder,0.8208955223880597,0.8151785714285714
25,Car,LabelEncoder,HashingEncoder,0.8208955223880597,0.8151785714285714
26,Car,LabelEncoder,SumEncoder,0.8208955223880597,0.8151785714285714
27,Car,LabelEncoder,OneHotEncoder,0.8208955223880597,0.8151785714285714
28,Car,LabelEncoder,FrequencyEncoder,0.8208955223880597,0.8151785714285714
29,Car,LabelEncoder,TargetEncoder,0.8208955223880597,0.8151785714285714
30,Car,JamesSteinEncoder,BinaryEncoder,0.8507462686567164,0.8464285714285714
31,Car,JamesSteinEncoder,HelmertEncoder,0.8507462686567164,0.8464285714285714
32,Car,JamesSteinEncoder,LabelEncoder,0.8507462686567164,0.8464285714285714
33,Car,JamesSteinEncoder,JamesSteinEncoder,0.8507462686567164,0.8464285714285714
34,Car,JamesSteinEncoder,BaseNEncoder,0.8507462686567164,0.8464285714285714
35,Car,JamesSteinEncoder,HashingEncoder,0.8507462686567164,0.8464285714285714
36,Car,JamesSteinEncoder,SumEncoder,0.8507462686567164,0.8464285714285714
37,Car,JamesSteinEncoder,OneHotEncoder,0.8507462686567164,0.8464285714285714
38,Car,JamesSteinEncoder,FrequencyEncoder,0.8507462686567164,0.8464285714285714
39,Car,JamesSteinEncoder,TargetEncoder,0.8507462686567164,0.8464285714285714
40,Car,BaseNEncoder,BinaryEncoder,0.8507462686567164,0.8464285714285714
41,Car,BaseNEncoder,HelmertEncoder,0.8507462686567164,0.8464285714285714
42,Car,BaseNEncoder,LabelEncoder,0.8507462686567164,0.8464285714285714
43,Car,BaseNEncoder,JamesSteinEncoder,0.8507462686567164,0.8464285714285714
44,Car,BaseNEncoder,BaseNEncoder,0.8507462686567164,0.8464285714285714
45,Car,BaseNEncoder,HashingEncoder,0.8507462686567164,0.8464285714285714
46,Car,BaseNEncoder,SumEncoder,0.8507462686567164,0.8464285714285714
47,Car,BaseNEncoder,OneHotEncoder,0.8507462686567164,0.8464285714285714
48,Car,BaseNEncoder,FrequencyEncoder,0.8507462686567164,0.8464285714285714
49,Car,BaseNEncoder,TargetEncoder,0.8507462686567164,0.8464285714285714
50,Car,HashingEncoder,BinaryEncoder,0.835820895522388,0.8308035714285714
51,Car,HashingEncoder,HelmertEncoder,0.835820895522388,0.8308035714285714
52,Car,HashingEncoder,LabelEncoder,0.835820895522388,0.8308035714285714
53,Car,HashingEncoder,JamesSteinEncoder,0.835820895522388,0.8308035714285714
54,Car,HashingEncoder,BaseNEncoder,0.835820895522388,0.8308035714285714
55,Car,HashingEncoder,HashingEncoder,0.835820895522388,0.8308035714285714
56,Car,HashingEncoder,SumEncoder,0.835820895522388,0.8308035714285714
57,Car,HashingEncoder,OneHotEncoder,0.835820895522388,0.8308035714285714
58,Car,HashingEncoder,FrequencyEncoder,0.835820895522388,0.8308035714285714
59,Car,HashingEncoder,TargetEncoder,0.835820895522388,0.8308035714285714
60,Car,SumEncoder,BinaryEncoder,0.8656716417910447,0.8620535714285714
61,Car,SumEncoder,HelmertEncoder,0.8656716417910447,0.8620535714285714
62,Car,SumEncoder,LabelEncoder,0.8656716417910447,0.8620535714285714
63,Car,SumEncoder,JamesSteinEncoder,0.8656716417910447,0.8620535714285714
64,Car,SumEncoder,BaseNEncoder,0.8656716417910447,0.8620535714285714
65,Car,SumEncoder,HashingEncoder,0.8656716417910447,0.8620535714285714
66,Car,SumEncoder,SumEncoder,0.8656716417910447,0.8620535714285714
67,Car,SumEncoder,OneHotEncoder,0.8656716417910447,0.8620535714285714
68,Car,SumEncoder,FrequencyEncoder,0.8656716417910447,0.8620535714285714
69,Car,SumEncoder,TargetEncoder,0.8656716417910447,0.8620535714285714
70,Car,OneHotEncoder,BinaryEncoder,0.835820895522388,0.8308035714285714
71,Car,OneHotEncoder,HelmertEncoder,0.835820895522388,0.8308035714285714
72,Car,OneHotEncoder,LabelEncoder,0.835820895522388,0.8308035714285714
73,Car,OneHotEncoder,JamesSteinEncoder,0.835820895522388,0.8308035714285714
74,Car,OneHotEncoder,BaseNEncoder,0.835820895522388,0.8308035714285714
75,Car,OneHotEncoder,HashingEncoder,0.835820895522388,0.8308035714285714
76,Car,OneHotEncoder,SumEncoder,0.835820895522388,0.8308035714285714
77,Car,OneHotEncoder,OneHotEncoder,0.835820895522388,0.8308035714285714
78,Car,OneHotEncoder,FrequencyEncoder,0.835820895522388,0.8308035714285714
79,Car,OneHotEncoder,TargetEncoder,0.835820895522388,0.8308035714285714
80,Car,FrequencyEncoder,BinaryEncoder,0.8208955223880597,0.8151785714285714
81,Car,FrequencyEncoder,HelmertEncoder,0.8208955223880597,0.8151785714285714
82,Car,FrequencyEncoder,LabelEncoder,0.8208955223880597,0.8151785714285714
83,Car,FrequencyEncoder,JamesSteinEncoder,0.8208955223880597,0.8151785714285714
84,Car,FrequencyEncoder,BaseNEncoder,0.8208955223880597,0.8151785714285714
85,Car,FrequencyEncoder,HashingEncoder,0.8208955223880597,0.8151785714285714
86,Car,FrequencyEncoder,SumEncoder,0.8208955223880597,0.8151785714285714
87,Car,FrequencyEncoder,OneHotEncoder,0.8208955223880597,0.8151785714285714
88,Car,FrequencyEncoder,FrequencyEncoder,0.8208955223880597,0.8151785714285714
89,Car,FrequencyEncoder,TargetEncoder,0.8208955223880597,0.8151785714285714
90,Car,TargetEncoder,BinaryEncoder,0.8507462686567164,0.8464285714285714
91,Car,TargetEncoder,HelmertEncoder,0.8507462686567164,0.8464285714285714
92,Car,TargetEncoder,LabelEncoder,0.8507462686567164,0.8464285714285714
93,Car,TargetEncoder,JamesSteinEncoder,0.8507462686567164,0.8464285714285714
94,Car,TargetEncoder,BaseNEncoder,0.8507462686567164,0.8464285714285714
95,Car,TargetEncoder,HashingEncoder,0.8507462686567164,0.8464285714285714
96,Car,TargetEncoder,SumEncoder,0.8507462686567164,0.8464285714285714
97,Car,TargetEncoder,OneHotEncoder,0.8507462686567164,0.8464285714285714
98,Car,TargetEncoder,FrequencyEncoder,0.8507462686567164,0.8464285714285714
99,Car,TargetEncoder,TargetEncoder,0.8507462686567164,0.8464285714285714
100,Adult,BinaryEncoder,BinaryEncoder,0.8052130796033236,0.7418611562537618
101,Adult,BinaryEncoder,HelmertEncoder,0.8019967837041008,0.7389971058545003
102,Adult,BinaryEncoder,LabelEncoder,0.8048110426159206,0.7423213604991773
103,Adult,BinaryEncoder,JamesSteinEncoder,0.8044090056285178,0.7406905822398779
104,Adult,BinaryEncoder,BaseNEncoder,0.8052130796033236,0.7418611562537618
105,Adult,BinaryEncoder,HashingEncoder,0.8038059501474135,0.7403808534970507
106,Adult,BinaryEncoder,SumEncoder,0.8020637898686679,0.7385870601099475
107,Adult,BinaryEncoder,OneHotEncoder,0.8015277405521308,0.7376854610569399
108,Adult,BinaryEncoder,FrequencyEncoder,0.8024658268560707,0.7412178734801975
109,Adult,BinaryEncoder,TargetEncoder,0.8044090056285178,0.7406905822398779
110,Adult,HelmertEncoder,BinaryEncoder,0.8096354864647548,0.7505266642590587
111,Adult,HelmertEncoder,HelmertEncoder,0.8093004556419191,0.7508495596083625
112,Adult,HelmertEncoder,LabelEncoder,0.8101045296167247,0.7532019932988243
113,Adult,HelmertEncoder,JamesSteinEncoder,0.8118466898954704,0.752813891898399
114,Adult,HelmertEncoder,BaseNEncoder,0.8096354864647548,0.7505266642590587
115,Adult,HelmertEncoder,HashingEncoder,0.8082283570088448,0.7507736948758076
116,Adult,HelmertEncoder,SumEncoder,0.8086303939962477,0.7505862274788332
117,Adult,HelmertEncoder,OneHotEncoder,0.8078933261860091,0.749732905982906
118,Adult,HelmertEncoder,FrequencyEncoder,0.8070892522112034,0.7461077003330524
119,Adult,HelmertEncoder,TargetEncoder,0.8118466898954704,0.752813891898399
120,Adult,LabelEncoder,BinaryEncoder,0.7993835432859823,0.7341699771277236
121,Adult,LabelEncoder,HelmertEncoder,0.799249530956848,0.7351718931824566
122,Adult,LabelEncoder,LabelEncoder,0.802130796033235,0.7378133652341399
123,Adult,LabelEncoder,JamesSteinEncoder,0.8007906727418923,0.7365594027125717
124,Adult,LabelEncoder,BaseNEncoder,0.7993835432859823,0.7341699771277236
125,Adult,LabelEncoder,HashingEncoder,0.8014607343875637,0.73827733136712
126,Adult,LabelEncoder,SumEncoder,0.799718574108818,0.7361198888487621
127,Adult,LabelEncoder,OneHotEncoder,0.7987134816403109,0.7356339783716546
128,Adult,LabelEncoder,FrequencyEncoder,0.8005226480836237,0.7351085680751175
129,Adult,LabelEncoder,TargetEncoder,0.8007906727418923,0.7365594027125717
130,Adult,JamesSteinEncoder,BinaryEncoder,0.8115116590726347,0.750136681914851
131,Adult,JamesSteinEncoder,HelmertEncoder,0.8090324309836505,0.747671391597448
132,Adult,JamesSteinEncoder,LabelEncoder,0.810707585097829,0.7511480026884956
133,Adult,JamesSteinEncoder,JamesSteinEncoder,0.8105065666041276,0.7488325608924202
134,Adult,JamesSteinEncoder,BaseNEncoder,0.8115116590726347,0.750136681914851
135,Adult,JamesSteinEncoder,HashingEncoder,0.8091664433127848,0.7474876860880382
136,Adult,JamesSteinEncoder,SumEncoder,0.8086974001608148,0.7471760764014284
137,Adult,JamesSteinEncoder,OneHotEncoder,0.8118466898954704,0.7509047339593113
138,Adult,JamesSteinEncoder,FrequencyEncoder,0.8079603323505763,0.7468682286023836
139,Adult,JamesSteinEncoder,TargetEncoder,0.8105065666041276,0.7488325608924202
140,Adult,BaseNEncoder,BinaryEncoder,0.8052130796033236,0.7418611562537618
141,Adult,BaseNEncoder,HelmertEncoder,0.8019967837041008,0.7389971058545003
142,Adult,BaseNEncoder,LabelEncoder,0.8048110426159206,0.7423213604991773
143,Adult,BaseNEncoder,JamesSteinEncoder,0.8044090056285178,0.7406905822398779
144,Adult,BaseNEncoder,BaseNEncoder,0.8052130796033236,0.7418611562537618
145,Adult,BaseNEncoder,HashingEncoder,0.8038059501474135,0.7403808534970507
146,Adult,BaseNEncoder,SumEncoder,0.8020637898686679,0.7385870601099475
147,Adult,BaseNEncoder,OneHotEncoder,0.8015277405521308,0.7376854610569399
148,Adult,BaseNEncoder,FrequencyEncoder,0.8024658268560707,0.7412178734801975
149,Adult,BaseNEncoder,TargetEncoder,0.8044090056285178,0.7406905822398779
150,Adult,HashingEncoder,BinaryEncoder,0.7963012597158938,0.7305767475221701
151,Adult,HashingEncoder,HelmertEncoder,0.7950951487536854,0.7285936057943101
152,Adult,HashingEncoder,LabelEncoder,0.7940900562851783,0.7259258005296737
153,Adult,HashingEncoder,JamesSteinEncoder,0.7955641919056553,0.7289052154809198
154,Adult,HashingEncoder,BaseNEncoder,0.7963012597158938,0.7305767475221701
155,Adult,HashingEncoder,HashingEncoder,0.794961136424551,0.7277772761927691
156,Adult,HashingEncoder,SumEncoder,0.7938220316269097,0.7251113518719152
157,Adult,HashingEncoder,OneHotEncoder,0.793487000804074,0.7257978963524738
158,Adult,HashingEncoder,FrequencyEncoder,0.7891316001072098,0.7231771146823963
159,Adult,HashingEncoder,TargetEncoder,0.7955641919056553,0.7289052154809198
160,Adult,SumEncoder,BinaryEncoder,0.8060171535781292,0.7464863970145661
161,Adult,SumEncoder,HelmertEncoder,0.8057491289198606,0.7451264746599253
162,Adult,SumEncoder,LabelEncoder,0.8074912891986062,0.7481930400064203
163,Adult,SumEncoder,JamesSteinEncoder,0.8095014741356205,0.7488921241121946
164,Adult,SumEncoder,BaseNEncoder,0.8060171535781292,0.7464863970145661
165,Adult,SumEncoder,HashingEncoder,0.8080943446797105,0.747502733638297
166,Adult,SumEncoder,SumEncoder,0.8065532028946663,0.7458424872597407
167,Adult,SumEncoder,OneHotEncoder,0.8066872152238006,0.7458406063159584
168,Adult,SumEncoder,FrequencyEncoder,0.8066202090592335,0.7435232835761004
169,Adult,SumEncoder,TargetEncoder,0.8095014741356205,0.7488921241121946
170,Adult,OneHotEncoder,BinaryEncoder,0.8083623693379791,0.7485899191444966
171,Adult,OneHotEncoder,HelmertEncoder,0.8076253015277406,0.7468274748204327
172,Adult,OneHotEncoder,LabelEncoder,0.8080273385151434,0.7484582530797319
173,Adult,OneHotEncoder,JamesSteinEncoder,0.8117126775663361,0.7519066500140444
174,Adult,OneHotEncoder,BaseNEncoder,0.8083623693379791,0.7485899191444966
175,Adult,OneHotEncoder,HashingEncoder,0.8083623693379791,0.748771743710124
176,Adult,OneHotEncoder,SumEncoder,0.8084293755025462,0.7485435225311985
177,Adult,OneHotEncoder,OneHotEncoder,0.8076253015277406,0.7475547730829422
178,Adult,OneHotEncoder,FrequencyEncoder,0.807357276869472,0.7441038682235864
179,Adult,OneHotEncoder,TargetEncoder,0.8117126775663361,0.7519066500140444
180,Adult,FrequencyEncoder,BinaryEncoder,0.8062851782363978,0.7457553368644919
181,Adult,FrequencyEncoder,HelmertEncoder,0.8052130796033236,0.7438612264756631
182,Adult,FrequencyEncoder,LabelEncoder,0.8062181720718307,0.7460744703262309
183,Adult,FrequencyEncoder,JamesSteinEncoder,0.8071562583757705,0.7461522160025681
184,Adult,FrequencyEncoder,BaseNEncoder,0.8062851782363978,0.7457553368644919
185,Adult,FrequencyEncoder,HashingEncoder,0.807826320021442,0.7464155481320974
186,Adult,FrequencyEncoder,SumEncoder,0.8080273385151434,0.7470945688375267
187,Adult,FrequencyEncoder,OneHotEncoder,0.8071562583757705,0.7455158300228721
188,Adult,FrequencyEncoder,FrequencyEncoder,0.8080943446797105,0.7457754002648369
189,Adult,FrequencyEncoder,TargetEncoder,0.8071562583757705,0.7461522160025681
190,Adult,TargetEncoder,BinaryEncoder,0.8115116590726347,0.750136681914851
191,Adult,TargetEncoder,HelmertEncoder,0.8089654248190834,0.7476268759279323
192,Adult,TargetEncoder,LabelEncoder,0.8106405789332619,0.7511034870189799
193,Adult,TargetEncoder,JamesSteinEncoder,0.8105065666041276,0.7488325608924202
194,Adult,TargetEncoder,BaseNEncoder,0.8115116590726347,0.750136681914851
195,Adult,TargetEncoder,HashingEncoder,0.8090324309836505,0.7473986547490068
196,Adult,TargetEncoder,SumEncoder,0.8086974001608148,0.7471760764014284
197,Adult,TargetEncoder,OneHotEncoder,0.8117796837309033,0.7508602182897957
198,Adult,TargetEncoder,FrequencyEncoder,0.8079603323505763,0.7468682286023836
199,Adult,TargetEncoder,TargetEncoder,0.8105065666041276,0.7488325608924202
200,Nursery,BinaryEncoder,BinaryEncoder,0.03530512041150339,0.2757377627534244
201,Nursery,BinaryEncoder,HelmertEncoder,0.03530512041150339,0.2757246692867417
202,Nursery,BinaryEncoder,LabelEncoder,0.03530512041150339,0.2757377627534244
203,Nursery,BinaryEncoder,JamesSteinEncoder,0.2684124386252046,0.45129862823588573
204,Nursery,BinaryEncoder,BaseNEncoder,0.03530512041150339,0.2757377627534244
205,Nursery,BinaryEncoder,HashingEncoder,0.14098667290156652,0.3549270503529159
206,Nursery,BinaryEncoder,SumEncoder,0.03530512041150339,0.27574607801581025
207,Nursery,BinaryEncoder,OneHotEncoder,0.03530512041150339,0.2757370180656997
208,Nursery,BinaryEncoder,FrequencyEncoder,0.2684124386252046,0.45129862823588573
209,Nursery,BinaryEncoder,TargetEncoder,0.2684124386252046,0.45129862823588573
210,Nursery,HelmertEncoder,BinaryEncoder,0.03530512041150339,0.2757475673912596
211,Nursery,HelmertEncoder,HelmertEncoder,0.03530512041150339,0.27576239846263323
212,Nursery,HelmertEncoder,LabelEncoder,0.03530512041150339,0.2757385074411491
213,Nursery,HelmertEncoder,JamesSteinEncoder,0.2684124386252046,0.45129862823588573
214,Nursery,HelmertEncoder,BaseNEncoder,0.03530512041150339,0.2757475673912596
215,Nursery,HelmertEncoder,HashingEncoder,0.14098667290156652,0.35492655389443284
216,Nursery,HelmertEncoder,SumEncoder,0.03530512041150339,0.27572013931168643
217,Nursery,HelmertEncoder,OneHotEncoder,0.03530512041150339,0.2757151128781481
218,Nursery,HelmertEncoder,FrequencyEncoder,0.2684124386252046,0.45129862823588573
219,Nursery,HelmertEncoder,TargetEncoder,0.2684124386252046,0.45129862823588573
220,Nursery,LabelEncoder,BinaryEncoder,0.03530512041150339,0.2757805183628543
221,Nursery,LabelEncoder,HelmertEncoder,0.03530512041150339,0.27576090908718387
222,Nursery,LabelEncoder,LabelEncoder,0.03530512041150339,0.2757621502333916
223,Nursery,LabelEncoder,JamesSteinEncoder,0.2684124386252046,0.45129862823588573
224,Nursery,LabelEncoder,BaseNEncoder,0.03530512041150339,0.2757805183628543
225,Nursery,LabelEncoder,HashingEncoder,0.14098667290156652,0.3549174939443223
226,Nursery,LabelEncoder,SumEncoder,0.03530512041150339,0.2757513526785902
227,Nursery,LabelEncoder,OneHotEncoder,0.03530512041150339,0.2757427891869628
228,Nursery,LabelEncoder,FrequencyEncoder,0.2684124386252046,0.45129862823588573
229,Nursery,LabelEncoder,TargetEncoder,0.2684124386252046,0.45129862823588573
230,Nursery,JamesSteinEncoder,BinaryEncoder,0.24900631283610006,0.4364940792784157
231,Nursery,JamesSteinEncoder,HelmertEncoder,0.24900631283610006,0.4364940792784157
232,Nursery,JamesSteinEncoder,LabelEncoder,0.24900631283610006,0.4364940792784157
233,Nursery,JamesSteinEncoder,JamesSteinEncoder,0.3161094224924012,0.4893441154210308
234,Nursery,JamesSteinEncoder,BaseNEncoder,0.24900631283610006,0.4364940792784157
235,Nursery,JamesSteinEncoder,HashingEncoder,0.2889876081365443,0.4669197764886978
236,Nursery,JamesSteinEncoder,SumEncoder,0.24900631283610006,0.4364940792784157
237,Nursery,JamesSteinEncoder,OneHotEncoder,0.24900631283610006,0.4364940792784157
238,Nursery,JamesSteinEncoder,FrequencyEncoder,0.3161094224924012,0.4893441154210308
239,Nursery,JamesSteinEncoder,TargetEncoder,0.3161094224924012,0.4893441154210308
240,Nursery,BaseNEncoder,BinaryEncoder,0.03530512041150339,0.2757377627534244
241,Nursery,BaseNEncoder,HelmertEncoder,0.03530512041150339,0.2757246692867417
242,Nursery,BaseNEncoder,LabelEncoder,0.03530512041150339,0.2757377627534244
243,Nursery,BaseNEncoder,JamesSteinEncoder,0.2684124386252046,0.45129862823588573
244,Nursery,BaseNEncoder,BaseNEncoder,0.03530512041150339,0.2757377627534244
245,Nursery,BaseNEncoder,HashingEncoder,0.14098667290156652,0.3549270503529159
246,Nursery,BaseNEncoder,SumEncoder,0.03530512041150339,0.27574607801581025
247,Nursery,BaseNEncoder,OneHotEncoder,0.03530512041150339,0.2757370180656997
248,Nursery,BaseNEncoder,FrequencyEncoder,0.2684124386252046,0.45129862823588573
249,Nursery,BaseNEncoder,TargetEncoder,0.2684124386252046,0.45129862823588573
250,Nursery,HashingEncoder,BinaryEncoder,0.10708440495674539,0.3295476694433807
251,Nursery,HashingEncoder,HelmertEncoder,0.10708440495674539,0.3295476694433807
252,Nursery,HashingEncoder,LabelEncoder,0.10708440495674539,0.3295476694433807
253,Nursery,HashingEncoder,JamesSteinEncoder,0.2976385316810849,0.47397598921687684
254,Nursery,HashingEncoder,BaseNEncoder,0.10708440495674539,0.3295476694433807
255,Nursery,HashingEncoder,HashingEncoder,0.21066167874678512,0.40758759553374
256,Nursery,HashingEncoder,SumEncoder,0.10708440495674539,0.3295476694433807
257,Nursery,HashingEncoder,OneHotEncoder,0.10708440495674539,0.3295476694433807
258,Nursery,HashingEncoder,FrequencyEncoder,0.2976385316810849,0.47397598921687684
259,Nursery,HashingEncoder,TargetEncoder,0.2976385316810849,0.47397598921687684
260,Nursery,SumEncoder,BinaryEncoder,0.03530512041150339,0.2757571237998533
261,Nursery,SumEncoder,HelmertEncoder,0.03530512041150339,0.27575762025833644
262,Nursery,SumEncoder,LabelEncoder,0.03530512041150339,0.27574781562050116
263,Nursery,SumEncoder,JamesSteinEncoder,0.2684124386252046,0.45129862823588573
264,Nursery,SumEncoder,BaseNEncoder,0.03530512041150339,0.2757571237998533
265,Nursery,SumEncoder,HashingEncoder,0.14098667290156652,0.35492655389443284
266,Nursery,SumEncoder,SumEncoder,0.03530512041150339,0.27571536110738964
267,Nursery,SumEncoder,OneHotEncoder,0.03530512041150339,0.2757105829030928
268,Nursery,SumEncoder,FrequencyEncoder,0.2684124386252046,0.45129862823588573
269,Nursery,SumEncoder,TargetEncoder,0.2684124386252046,0.45129862823588573
270,Nursery,OneHotEncoder,BinaryEncoder,0.03530512041150339,0.27574781562050116
271,Nursery,OneHotEncoder,HelmertEncoder,0.03530512041150339,0.2757488085374674
272,Nursery,OneHotEncoder,LabelEncoder,0.03530512041150339,0.27571989108244493
273,Nursery,OneHotEncoder,JamesSteinEncoder,0.2684124386252046,0.45129862823588573
274,Nursery,OneHotEncoder,BaseNEncoder,0.03530512041150339,0.27574781562050116
275,Nursery,OneHotEncoder,HashingEncoder,0.14098667290156652,0.35492655389443284
276,Nursery,OneHotEncoder,SumEncoder,0.03530512041150339,0.27570580469879596
277,Nursery,OneHotEncoder,OneHotEncoder,0.03530512041150339,0.27571536110738964
278,Nursery,OneHotEncoder,FrequencyEncoder,0.2684124386252046,0.45129862823588573
279,Nursery,OneHotEncoder,TargetEncoder,0.2684124386252046,0.45129862823588573
280,Nursery,FrequencyEncoder,BinaryEncoder,0.24900631283610006,0.4364940792784157
281,Nursery,FrequencyEncoder,HelmertEncoder,0.24900631283610006,0.4364940792784157
282,Nursery,FrequencyEncoder,LabelEncoder,0.24900631283610006,0.4364940792784157
283,Nursery,FrequencyEncoder,JamesSteinEncoder,0.3161094224924012,0.4893441154210308
284,Nursery,FrequencyEncoder,BaseNEncoder,0.24900631283610006,0.4364940792784157
285,Nursery,FrequencyEncoder,HashingEncoder,0.2889876081365443,0.4669197764886978
286,Nursery,FrequencyEncoder,SumEncoder,0.24900631283610006,0.4364940792784157
287,Nursery,FrequencyEncoder,OneHotEncoder,0.24900631283610006,0.4364940792784157
288,Nursery,FrequencyEncoder,FrequencyEncoder,0.3161094224924012,0.4893441154210308
289,Nursery,FrequencyEncoder,TargetEncoder,0.3161094224924012,0.4893441154210308
290,Nursery,TargetEncoder,BinaryEncoder,0.24900631283610006,0.4364940792784157
291,Nursery,TargetEncoder,HelmertEncoder,0.24900631283610006,0.4364940792784157
292,Nursery,TargetEncoder,LabelEncoder,0.24900631283610006,0.4364940792784157
293,Nursery,TargetEncoder,JamesSteinEncoder,0.3161094224924012,0.4893441154210308
294,Nursery,TargetEncoder,BaseNEncoder,0.24900631283610006,0.4364940792784157
295,Nursery,TargetEncoder,HashingEncoder,0.2889876081365443,0.4669197764886978
296,Nursery,TargetEncoder,SumEncoder,0.24900631283610006,0.4364940792784157
297,Nursery,TargetEncoder,OneHotEncoder,0.24900631283610006,0.4364940792784157
298,Nursery,TargetEncoder,FrequencyEncoder,0.3161094224924012,0.4893441154210308
299,Nursery,TargetEncoder,TargetEncoder,0.3161094224924012,0.4893441154210308
300,Heart,BinaryEncoder,BinaryEncoder,0.72,0.7257799671592775
301,Heart,BinaryEncoder,HelmertEncoder,0.72,0.7257799671592775
302,Heart,BinaryEncoder,LabelEncoder,0.72,0.7257799671592775
303,Heart,BinaryEncoder,JamesSteinEncoder,0.72,0.7257799671592775
304,Heart,BinaryEncoder,BaseNEncoder,0.72,0.7257799671592775
305,Heart,BinaryEncoder,HashingEncoder,0.72,0.7257799671592775
306,Heart,BinaryEncoder,SumEncoder,0.72,0.7257799671592775
307,Heart,BinaryEncoder,OneHotEncoder,0.72,0.7257799671592775
308,Heart,BinaryEncoder,FrequencyEncoder,0.72,0.7257799671592775
309,Heart,BinaryEncoder,TargetEncoder,0.72,0.7257799671592775
310,Heart,HelmertEncoder,BinaryEncoder,0.72,0.7257799671592775
311,Heart,HelmertEncoder,HelmertEncoder,0.72,0.7257799671592775
312,Heart,HelmertEncoder,LabelEncoder,0.72,0.7257799671592775
313,Heart,HelmertEncoder,JamesSteinEncoder,0.72,0.7257799671592775
314,Heart,HelmertEncoder,BaseNEncoder,0.72,0.7257799671592775
315,Heart,HelmertEncoder,HashingEncoder,0.72,0.7257799671592775
316,Heart,HelmertEncoder,SumEncoder,0.72,0.7257799671592775
317,Heart,HelmertEncoder,OneHotEncoder,0.72,0.7257799671592775
318,Heart,HelmertEncoder,FrequencyEncoder,0.72,0.7257799671592775
319,Heart,HelmertEncoder,TargetEncoder,0.72,0.7257799671592775
320,Heart,LabelEncoder,BinaryEncoder,0.72,0.7257799671592775
321,Heart,LabelEncoder,HelmertEncoder,0.72,0.7257799671592775
322,Heart,LabelEncoder,LabelEncoder,0.72,0.7257799671592775
323,Heart,LabelEncoder,JamesSteinEncoder,0.72,0.7257799671592775
324,Heart,LabelEncoder,BaseNEncoder,0.72,0.7257799671592775
325,Heart,LabelEncoder,HashingEncoder,0.72,0.7257799671592775
326,Heart,LabelEncoder,SumEncoder,0.72,0.7257799671592775
327,Heart,LabelEncoder,OneHotEncoder,0.72,0.7257799671592775
328,Heart,LabelEncoder,FrequencyEncoder,0.72,0.7257799671592775
329,Heart,LabelEncoder,TargetEncoder,0.72,0.7257799671592775
330,Heart,JamesSteinEncoder,BinaryEncoder,0.72,0.7257799671592775
331,Heart,JamesSteinEncoder,HelmertEncoder,0.72,0.7257799671592775
332,Heart,JamesSteinEncoder,LabelEncoder,0.72,0.7257799671592775
333,Heart,JamesSteinEncoder,JamesSteinEncoder,0.72,0.7257799671592775
334,Heart,JamesSteinEncoder,BaseNEncoder,0.72,0.7257799671592775
335,Heart,JamesSteinEncoder,HashingEncoder,0.72,0.7257799671592775
336,Heart,JamesSteinEncoder,SumEncoder,0.72,0.7257799671592775
337,Heart,JamesSteinEncoder,OneHotEncoder,0.72,0.7257799671592775
338,Heart,JamesSteinEncoder,FrequencyEncoder,0.72,0.7257799671592775
339,Heart,JamesSteinEncoder,TargetEncoder,0.72,0.7257799671592775
340,Heart,BaseNEncoder,BinaryEncoder,0.72,0.7257799671592775
341,Heart,BaseNEncoder,HelmertEncoder,0.72,0.7257799671592775
342,Heart,BaseNEncoder,LabelEncoder,0.72,0.7257799671592775
343,Heart,BaseNEncoder,JamesSteinEncoder,0.72,0.7257799671592775
344,Heart,BaseNEncoder,BaseNEncoder,0.72,0.7257799671592775
345,Heart,BaseNEncoder,HashingEncoder,0.72,0.7257799671592775
346,Heart,BaseNEncoder,SumEncoder,0.72,0.7257799671592775
347,Heart,BaseNEncoder,OneHotEncoder,0.72,0.7257799671592775
348,Heart,BaseNEncoder,FrequencyEncoder,0.72,0.7257799671592775
349,Heart,BaseNEncoder,TargetEncoder,0.72,0.7257799671592775
350,Heart,HashingEncoder,BinaryEncoder,0.72,0.7257799671592775
351,Heart,HashingEncoder,HelmertEncoder,0.72,0.7257799671592775
352,Heart,HashingEncoder,LabelEncoder,0.72,0.7257799671592775
353,Heart,HashingEncoder,JamesSteinEncoder,0.72,0.7257799671592775
354,Heart,HashingEncoder,BaseNEncoder,0.72,0.7257799671592775
355,Heart,HashingEncoder,HashingEncoder,0.72,0.7257799671592775
356,Heart,HashingEncoder,SumEncoder,0.72,0.7257799671592775
357,Heart,HashingEncoder,OneHotEncoder,0.72,0.7257799671592775
358,Heart,HashingEncoder,FrequencyEncoder,0.72,0.7257799671592775
359,Heart,HashingEncoder,TargetEncoder,0.72,0.7257799671592775
360,Heart,SumEncoder,BinaryEncoder,0.72,0.7257799671592775
361,Heart,SumEncoder,HelmertEncoder,0.72,0.7257799671592775
362,Heart,SumEncoder,LabelEncoder,0.72,0.7257799671592775
363,Heart,SumEncoder,JamesSteinEncoder,0.72,0.7257799671592775
364,Heart,SumEncoder,BaseNEncoder,0.72,0.7257799671592775
365,Heart,SumEncoder,HashingEncoder,0.72,0.7257799671592775
366,Heart,SumEncoder,SumEncoder,0.72,0.7257799671592775
367,Heart,SumEncoder,OneHotEncoder,0.72,0.7257799671592775
368,Heart,SumEncoder,FrequencyEncoder,0.72,0.7257799671592775
369,Heart,SumEncoder,TargetEncoder,0.72,0.7257799671592775
370,Heart,OneHotEncoder,BinaryEncoder,0.72,0.7257799671592775
371,Heart,OneHotEncoder,HelmertEncoder,0.72,0.7257799671592775
372,Heart,OneHotEncoder,LabelEncoder,0.72,0.7257799671592775
373,Heart,OneHotEncoder,JamesSteinEncoder,0.72,0.7257799671592775
374,Heart,OneHotEncoder,BaseNEncoder,0.72,0.7257799671592775
375,Heart,OneHotEncoder,HashingEncoder,0.72,0.7257799671592775
376,Heart,OneHotEncoder,SumEncoder,0.72,0.7257799671592775
377,Heart,OneHotEncoder,OneHotEncoder,0.72,0.7257799671592775
378,Heart,OneHotEncoder,FrequencyEncoder,0.72,0.7257799671592775
379,Heart,OneHotEncoder,TargetEncoder,0.72,0.7257799671592775
380,Heart,FrequencyEncoder,BinaryEncoder,0.72,0.7257799671592775
381,Heart,FrequencyEncoder,HelmertEncoder,0.72,0.7257799671592775
382,Heart,FrequencyEncoder,LabelEncoder,0.72,0.7257799671592775
383,Heart,FrequencyEncoder,JamesSteinEncoder,0.72,0.7257799671592775
384,Heart,FrequencyEncoder,BaseNEncoder,0.72,0.7257799671592775
385,Heart,FrequencyEncoder,HashingEncoder,0.72,0.7257799671592775
386,Heart,FrequencyEncoder,SumEncoder,0.72,0.7257799671592775
387,Heart,FrequencyEncoder,OneHotEncoder,0.72,0.7257799671592775
388,Heart,FrequencyEncoder,FrequencyEncoder,0.72,0.7257799671592775
389,Heart,FrequencyEncoder,TargetEncoder,0.72,0.7257799671592775
390,Heart,TargetEncoder,BinaryEncoder,0.72,0.7257799671592775
391,Heart,TargetEncoder,HelmertEncoder,0.72,0.7257799671592775
392,Heart,TargetEncoder,LabelEncoder,0.72,0.7257799671592775
393,Heart,TargetEncoder,JamesSteinEncoder,0.72,0.7257799671592775
394,Heart,TargetEncoder,BaseNEncoder,0.72,0.7257799671592775
395,Heart,TargetEncoder,HashingEncoder,0.72,0.7257799671592775
396,Heart,TargetEncoder,SumEncoder,0.72,0.7257799671592775
397,Heart,TargetEncoder,OneHotEncoder,0.72,0.7257799671592775
398,Heart,TargetEncoder,FrequencyEncoder,0.72,0.7257799671592775
399,Heart,TargetEncoder,TargetEncoder,0.72,0.7257799671592775
400,Titanic,BinaryEncoder,BinaryEncoder,0.7423728813559322,0.7357142857142857
401,Titanic,BinaryEncoder,HelmertEncoder,0.7423728813559322,0.7357142857142857
402,Titanic,BinaryEncoder,LabelEncoder,0.7423728813559322,0.7357142857142857
403,Titanic,BinaryEncoder,JamesSteinEncoder,0.7423728813559322,0.7357142857142857
404,Titanic,BinaryEncoder,BaseNEncoder,0.7423728813559322,0.7357142857142857
405,Titanic,BinaryEncoder,HashingEncoder,0.7423728813559322,0.7357142857142857
406,Titanic,BinaryEncoder,SumEncoder,0.7423728813559322,0.7357142857142857
407,Titanic,BinaryEncoder,OneHotEncoder,0.7423728813559322,0.7357142857142857
408,Titanic,BinaryEncoder,FrequencyEncoder,0.7423728813559322,0.7357142857142857
409,Titanic,BinaryEncoder,TargetEncoder,0.7423728813559322,0.7357142857142857
410,Titanic,HelmertEncoder,BinaryEncoder,0.8169491525423729,0.7946428571428571
411,Titanic,HelmertEncoder,HelmertEncoder,0.8169491525423729,0.7946428571428571
412,Titanic,HelmertEncoder,LabelEncoder,0.8169491525423729,0.7946428571428571
413,Titanic,HelmertEncoder,JamesSteinEncoder,0.8169491525423729,0.7946428571428571
414,Titanic,HelmertEncoder,BaseNEncoder,0.8169491525423729,0.7946428571428571
415,Titanic,HelmertEncoder,HashingEncoder,0.8169491525423729,0.7946428571428571
416,Titanic,HelmertEncoder,SumEncoder,0.8169491525423729,0.7946428571428571
417,Titanic,HelmertEncoder,OneHotEncoder,0.8169491525423729,0.7946428571428571
418,Titanic,HelmertEncoder,FrequencyEncoder,0.8169491525423729,0.7946428571428571
419,Titanic,HelmertEncoder,TargetEncoder,0.8169491525423729,0.7946428571428571
420,Titanic,LabelEncoder,BinaryEncoder,0.7559322033898305,0.7510714285714285
421,Titanic,LabelEncoder,HelmertEncoder,0.7559322033898305,0.7510714285714285
422,Titanic,LabelEncoder,LabelEncoder,0.7559322033898305,0.7510714285714285
423,Titanic,LabelEncoder,JamesSteinEncoder,0.7559322033898305,0.7510714285714285
424,Titanic,LabelEncoder,BaseNEncoder,0.7559322033898305,0.7510714285714285
425,Titanic,LabelEncoder,HashingEncoder,0.7559322033898305,0.7510714285714285
426,Titanic,LabelEncoder,SumEncoder,0.7559322033898305,0.7510714285714285
427,Titanic,LabelEncoder,OneHotEncoder,0.7559322033898305,0.7510714285714285
428,Titanic,LabelEncoder,FrequencyEncoder,0.7559322033898305,0.7510714285714285
429,Titanic,LabelEncoder,TargetEncoder,0.7559322033898305,0.7510714285714285
430,Titanic,JamesSteinEncoder,BinaryEncoder,0.9830508474576272,0.9830952380952381
431,Titanic,JamesSteinEncoder,HelmertEncoder,0.9830508474576272,0.9830952380952381
432,Titanic,JamesSteinEncoder,LabelEncoder,0.9830508474576272,0.9830952380952381
433,Titanic,JamesSteinEncoder,JamesSteinEncoder,0.9830508474576272,0.9830952380952381
434,Titanic,JamesSteinEncoder,BaseNEncoder,0.9830508474576272,0.9830952380952381
435,Titanic,JamesSteinEncoder,HashingEncoder,0.9830508474576272,0.9830952380952381
436,Titanic,JamesSteinEncoder,SumEncoder,0.9830508474576272,0.9830952380952381
437,Titanic,JamesSteinEncoder,OneHotEncoder,0.9830508474576272,0.9830952380952381
438,Titanic,JamesSteinEncoder,FrequencyEncoder,0.9830508474576272,0.9830952380952381
439,Titanic,JamesSteinEncoder,TargetEncoder,0.9830508474576272,0.9830952380952381
440,Titanic,BaseNEncoder,BinaryEncoder,0.7423728813559322,0.7357142857142857
441,Titanic,BaseNEncoder,HelmertEncoder,0.7423728813559322,0.7357142857142857
442,Titanic,BaseNEncoder,LabelEncoder,0.7423728813559322,0.7357142857142857
443,Titanic,BaseNEncoder,JamesSteinEncoder,0.7423728813559322,0.7357142857142857
444,Titanic,BaseNEncoder,BaseNEncoder,0.7423728813559322,0.7357142857142857
445,Titanic,BaseNEncoder,HashingEncoder,0.7423728813559322,0.7357142857142857
446,Titanic,BaseNEncoder,SumEncoder,0.7423728813559322,0.7357142857142857
447,Titanic,BaseNEncoder,OneHotEncoder,0.7423728813559322,0.7357142857142857
448,Titanic,BaseNEncoder,FrequencyEncoder,0.7423728813559322,0.7357142857142857
449,Titanic,BaseNEncoder,TargetEncoder,0.7423728813559322,0.7357142857142857
450,Titanic,HashingEncoder,BinaryEncoder,0.6508474576271186,0.6428571428571429
451,Titanic,HashingEncoder,HelmertEncoder,0.6508474576271186,0.6428571428571429
452,Titanic,HashingEncoder,LabelEncoder,0.6508474576271186,0.6428571428571429
453,Titanic,HashingEncoder,JamesSteinEncoder,0.6508474576271186,0.6428571428571429
454,Titanic,HashingEncoder,BaseNEncoder,0.6508474576271186,0.6428571428571429
455,Titanic,HashingEncoder,HashingEncoder,0.6508474576271186,0.6428571428571429
456,Titanic,HashingEncoder,SumEncoder,0.6508474576271186,0.6428571428571429
457,Titanic,HashingEncoder,OneHotEncoder,0.6508474576271186,0.6428571428571429
458,Titanic,HashingEncoder,FrequencyEncoder,0.6508474576271186,0.6428571428571429
459,Titanic,HashingEncoder,TargetEncoder,0.6508474576271186,0.6428571428571429
460,Titanic,SumEncoder,BinaryEncoder,0.8033898305084746,0.7845238095238094
461,Titanic,SumEncoder,HelmertEncoder,0.8033898305084746,0.7845238095238094
462,Titanic,SumEncoder,LabelEncoder,0.8033898305084746,0.7845238095238094
463,Titanic,SumEncoder,JamesSteinEncoder,0.8033898305084746,0.7845238095238094
464,Titanic,SumEncoder,BaseNEncoder,0.8033898305084746,0.7845238095238094
465,Titanic,SumEncoder,HashingEncoder,0.8033898305084746,0.7845238095238094
466,Titanic,SumEncoder,SumEncoder,0.8033898305084746,0.7845238095238094
467,Titanic,SumEncoder,OneHotEncoder,0.8033898305084746,0.7845238095238094
468,Titanic,SumEncoder,FrequencyEncoder,0.8033898305084746,0.7845238095238094
469,Titanic,SumEncoder,TargetEncoder,0.8033898305084746,0.7845238095238094
470,Titanic,OneHotEncoder,BinaryEncoder,0.7966101694915254,0.7788095238095238
471,Titanic,OneHotEncoder,HelmertEncoder,0.7966101694915254,0.7788095238095238
472,Titanic,OneHotEncoder,LabelEncoder,0.7966101694915254,0.7788095238095238
473,Titanic,OneHotEncoder,JamesSteinEncoder,0.7966101694915254,0.7788095238095238
474,Titanic,OneHotEncoder,BaseNEncoder,0.7966101694915254,0.7788095238095238
475,Titanic,OneHotEncoder,HashingEncoder,0.7966101694915254,0.7788095238095238
476,Titanic,OneHotEncoder,SumEncoder,0.7966101694915254,0.7788095238095238
477,Titanic,OneHotEncoder,OneHotEncoder,0.7966101694915254,0.7788095238095238
478,Titanic,OneHotEncoder,FrequencyEncoder,0.8,0.7816666666666667
479,Titanic,OneHotEncoder,TargetEncoder,0.7966101694915254,0.7788095238095238
480,Titanic,FrequencyEncoder,BinaryEncoder,0.7322033898305085,0.7271428571428571
481,Titanic,FrequencyEncoder,HelmertEncoder,0.7322033898305085,0.7271428571428571
482,Titanic,FrequencyEncoder,LabelEncoder,0.7322033898305085,0.7271428571428571
483,Titanic,FrequencyEncoder,JamesSteinEncoder,0.7322033898305085,0.7271428571428571
484,Titanic,FrequencyEncoder,BaseNEncoder,0.7322033898305085,0.7271428571428571
485,Titanic,FrequencyEncoder,HashingEncoder,0.7322033898305085,0.7271428571428571
486,Titanic,FrequencyEncoder,SumEncoder,0.7322033898305085,0.7271428571428571
487,Titanic,FrequencyEncoder,OneHotEncoder,0.7322033898305085,0.7271428571428571
488,Titanic,FrequencyEncoder,FrequencyEncoder,0.7457627118644068,0.7411904761904763
489,Titanic,FrequencyEncoder,TargetEncoder,0.7322033898305085,0.7271428571428571
490,Titanic,TargetEncoder,BinaryEncoder,0.8271186440677966,0.822857142857143
491,Titanic,TargetEncoder,HelmertEncoder,0.8271186440677966,0.822857142857143
492,Titanic,TargetEncoder,LabelEncoder,0.8271186440677966,0.822857142857143
493,Titanic,TargetEncoder,JamesSteinEncoder,0.8271186440677966,0.822857142857143
494,Titanic,TargetEncoder,BaseNEncoder,0.8271186440677966,0.822857142857143
495,Titanic,TargetEncoder,HashingEncoder,0.8271186440677966,0.822857142857143
496,Titanic,TargetEncoder,SumEncoder,0.8271186440677966,0.822857142857143
497,Titanic,TargetEncoder,OneHotEncoder,0.8271186440677966,0.822857142857143
498,Titanic,TargetEncoder,FrequencyEncoder,0.8271186440677966,0.822857142857143
499,Titanic,TargetEncoder,TargetEncoder,0.8271186440677966,0.822857142857143
500,Car1,BinaryEncoder,BinaryEncoder,0.987719298245614,0.9812403627310466
501,Car1,BinaryEncoder,HelmertEncoder,0.9912280701754386,0.9730889251055432
502,Car1,BinaryEncoder,LabelEncoder,0.9859649122807017,0.9750745859703043
503,Car1,BinaryEncoder,JamesSteinEncoder,0.9912280701754386,0.9787128994626533
504,Car1,BinaryEncoder,BaseNEncoder,0.987719298245614,0.9812403627310466
505,Car1,BinaryEncoder,HashingEncoder,0.9333333333333333,0.8027623549507578
506,Car1,BinaryEncoder,SumEncoder,0.9859649122807017,0.9694506116131942
507,Car1,BinaryEncoder,OneHotEncoder,0.9912280701754386,0.9787128994626533
508,Car1,BinaryEncoder,FrequencyEncoder,0.8842105263157894,0.7452395759742908
509,Car1,BinaryEncoder,TargetEncoder,0.9912280701754386,0.9787128994626533
510,Car1,HelmertEncoder,BinaryEncoder,0.987719298245614,0.9812403627310466
511,Car1,HelmertEncoder,HelmertEncoder,0.9859649122807017,0.9694506116131942
512,Car1,HelmertEncoder,LabelEncoder,0.9859649122807017,0.9750745859703043
513,Car1,HelmertEncoder,JamesSteinEncoder,0.9912280701754386,0.9787128994626533
514,Car1,HelmertEncoder,BaseNEncoder,0.987719298245614,0.9812403627310466
515,Car1,HelmertEncoder,HashingEncoder,0.9298245614035088,0.8003368126225251
516,Car1,HelmertEncoder,SumEncoder,0.9859649122807017,0.9694506116131942
517,Car1,HelmertEncoder,OneHotEncoder,0.9859649122807017,0.9694506116131942
518,Car1,HelmertEncoder,FrequencyEncoder,0.8842105263157894,0.7452395759742908
519,Car1,HelmertEncoder,TargetEncoder,0.9912280701754386,0.9787128994626533
520,Car1,LabelEncoder,BinaryEncoder,0.987719298245614,0.9812403627310466
521,Car1,LabelEncoder,HelmertEncoder,0.9842105263157894,0.9463554246878324
522,Car1,LabelEncoder,LabelEncoder,0.9859649122807017,0.9750745859703043
523,Car1,LabelEncoder,JamesSteinEncoder,0.9912280701754386,0.9787128994626533
524,Car1,LabelEncoder,BaseNEncoder,0.987719298245614,0.9812403627310466
525,Car1,LabelEncoder,HashingEncoder,0.9298245614035088,0.8003368126225251
526,Car1,LabelEncoder,SumEncoder,0.9842105263157894,0.9463554246878324
527,Car1,LabelEncoder,OneHotEncoder,0.9842105263157894,0.9463554246878324
528,Car1,LabelEncoder,FrequencyEncoder,0.8842105263157894,0.7452395759742908
529,Car1,LabelEncoder,TargetEncoder,0.9912280701754386,0.9787128994626533
530,Car1,JamesSteinEncoder,BinaryEncoder,0.987719298245614,0.9812403627310466
531,Car1,JamesSteinEncoder,HelmertEncoder,0.9859649122807017,0.9750745859703043
532,Car1,JamesSteinEncoder,LabelEncoder,0.9859649122807017,0.9750745859703043
533,Car1,JamesSteinEncoder,JamesSteinEncoder,0.9912280701754386,0.9787128994626533
534,Car1,JamesSteinEncoder,BaseNEncoder,0.987719298245614,0.9812403627310466
535,Car1,JamesSteinEncoder,HashingEncoder,0.9298245614035088,0.8003368126225251
536,Car1,JamesSteinEncoder,SumEncoder,0.9859649122807017,0.9694506116131942
537,Car1,JamesSteinEncoder,OneHotEncoder,0.9859649122807017,0.9694506116131942
538,Car1,JamesSteinEncoder,FrequencyEncoder,0.8842105263157894,0.7452395759742908
539,Car1,JamesSteinEncoder,TargetEncoder,0.9912280701754386,0.9787128994626533
540,Car1,BaseNEncoder,BinaryEncoder,0.987719298245614,0.9812403627310466
541,Car1,BaseNEncoder,HelmertEncoder,0.9912280701754386,0.9730889251055432
542,Car1,BaseNEncoder,LabelEncoder,0.9859649122807017,0.9750745859703043
543,Car1,BaseNEncoder,JamesSteinEncoder,0.9912280701754386,0.9787128994626533
544,Car1,BaseNEncoder,BaseNEncoder,0.987719298245614,0.9812403627310466
545,Car1,BaseNEncoder,HashingEncoder,0.9333333333333333,0.8027623549507578
546,Car1,BaseNEncoder,SumEncoder,0.9859649122807017,0.9694506116131942
547,Car1,BaseNEncoder,OneHotEncoder,0.9912280701754386,0.9787128994626533
548,Car1,BaseNEncoder,FrequencyEncoder,0.8842105263157894,0.7452395759742908
549,Car1,BaseNEncoder,TargetEncoder,0.9912280701754386,0.9787128994626533
550,Car1,HashingEncoder,BinaryEncoder,0.5140350877192983,0.5788666176481552
551,Car1,HashingEncoder,HelmertEncoder,0.5140350877192983,0.5816623321911492
552,Car1,HashingEncoder,LabelEncoder,0.5140350877192983,0.5856103878749064
553,Car1,HashingEncoder,JamesSteinEncoder,0.5140350877192983,0.5777218267696104
554,Car1,HashingEncoder,BaseNEncoder,0.5140350877192983,0.5788666176481552
555,Car1,HashingEncoder,HashingEncoder,0.6350877192982456,0.5503577055077622
556,Car1,HashingEncoder,SumEncoder,0.5140350877192983,0.5839019239304317
557,Car1,HashingEncoder,OneHotEncoder,0.5140350877192983,0.5827821280607903
558,Car1,HashingEncoder,FrequencyEncoder,0.49473684210526314,0.47607377606080126
559,Car1,HashingEncoder,TargetEncoder,0.5140350877192983,0.5777218267696104
560,Car1,SumEncoder,BinaryEncoder,0.987719298245614,0.9812403627310466
561,Car1,SumEncoder,HelmertEncoder,0.9859649122807017,0.9750745859703043
562,Car1,SumEncoder,LabelEncoder,0.9859649122807017,0.9750745859703043
563,Car1,SumEncoder,JamesSteinEncoder,0.9912280701754386,0.9787128994626533
564,Car1,SumEncoder,BaseNEncoder,0.987719298245614,0.9812403627310466
565,Car1,SumEncoder,HashingEncoder,0.9298245614035088,0.8003368126225251
566,Car1,SumEncoder,SumEncoder,0.9859649122807017,0.9750745859703043
567,Car1,SumEncoder,OneHotEncoder,0.9912280701754386,0.9730889251055432
568,Car1,SumEncoder,FrequencyEncoder,0.8842105263157894,0.7452395759742908
569,Car1,SumEncoder,TargetEncoder,0.9912280701754386,0.9787128994626533
570,Car1,OneHotEncoder,BinaryEncoder,0.987719298245614,0.9812403627310466
571,Car1,OneHotEncoder,HelmertEncoder,0.9859649122807017,0.9694506116131942
572,Car1,OneHotEncoder,LabelEncoder,0.9859649122807017,0.9750745859703043
573,Car1,OneHotEncoder,JamesSteinEncoder,0.9912280701754386,0.9787128994626533
574,Car1,OneHotEncoder,BaseNEncoder,0.987719298245614,0.9812403627310466
575,Car1,OneHotEncoder,HashingEncoder,0.9298245614035088,0.8003368126225251
576,Car1,OneHotEncoder,SumEncoder,0.9859649122807017,0.9750745859703043
577,Car1,OneHotEncoder,OneHotEncoder,0.9859649122807017,0.9694506116131942
578,Car1,OneHotEncoder,FrequencyEncoder,0.8842105263157894,0.7452395759742908
579,Car1,OneHotEncoder,TargetEncoder,0.9912280701754386,0.9787128994626533
580,Car1,FrequencyEncoder,BinaryEncoder,0.9140350877192982,0.82034490212501
581,Car1,FrequencyEncoder,HelmertEncoder,0.9140350877192982,0.82034490212501
582,Car1,FrequencyEncoder,LabelEncoder,0.9140350877192982,0.8259688764821198
583,Car1,FrequencyEncoder,JamesSteinEncoder,0.9192982456140351,0.8296071899744689
584,Car1,FrequencyEncoder,BaseNEncoder,0.9140350877192982,0.82034490212501
585,Car1,FrequencyEncoder,HashingEncoder,0.9298245614035088,0.7573424737468948
586,Car1,FrequencyEncoder,SumEncoder,0.9140350877192982,0.82034490212501
587,Car1,FrequencyEncoder,OneHotEncoder,0.9140350877192982,0.82034490212501
588,Car1,FrequencyEncoder,FrequencyEncoder,0.8824561403508772,0.7042847664733273
589,Car1,FrequencyEncoder,TargetEncoder,0.9192982456140351,0.8296071899744689
590,Car1,TargetEncoder,BinaryEncoder,0.987719298245614,0.9812403627310466
591,Car1,TargetEncoder,HelmertEncoder,0.9859649122807017,0.9750745859703043
592,Car1,TargetEncoder,LabelEncoder,0.9859649122807017,0.9750745859703043
593,Car1,TargetEncoder,JamesSteinEncoder,0.9912280701754386,0.9787128994626533
594,Car1,TargetEncoder,BaseNEncoder,0.987719298245614,0.9812403627310466
595,Car1,TargetEncoder,HashingEncoder,0.9298245614035088,0.8003368126225251
596,Car1,TargetEncoder,SumEncoder,0.9859649122807017,0.9694506116131942
597,Car1,TargetEncoder,OneHotEncoder,0.9859649122807017,0.9694506116131942
598,Car1,TargetEncoder,FrequencyEncoder,0.8842105263157894,0.7452395759742908
599,Car1,TargetEncoder,TargetEncoder,0.9912280701754386,0.9787128994626533
600,Bridges,BinaryEncoder,BinaryEncoder,0.7142857142857143,0.6833333333333333
601,Bridges,BinaryEncoder,HelmertEncoder,0.7428571428571429,0.7166666666666666
602,Bridges,BinaryEncoder,LabelEncoder,0.7142857142857143,0.6833333333333333
603,Bridges,BinaryEncoder,JamesSteinEncoder,0.7142857142857143,0.6833333333333333
604,Bridges,BinaryEncoder,BaseNEncoder,0.7142857142857143,0.6833333333333333
605,Bridges,BinaryEncoder,HashingEncoder,0.7142857142857143,0.6833333333333333
606,Bridges,BinaryEncoder,SumEncoder,0.7142857142857143,0.6833333333333333
607,Bridges,BinaryEncoder,OneHotEncoder,0.7142857142857143,0.6833333333333333
608,Bridges,BinaryEncoder,FrequencyEncoder,0.7142857142857143,0.6833333333333333
609,Bridges,BinaryEncoder,TargetEncoder,0.7142857142857143,0.6833333333333333
610,Bridges,HelmertEncoder,BinaryEncoder,0.7142857142857143,0.7000000000000002
611,Bridges,HelmertEncoder,HelmertEncoder,0.7714285714285715,0.7666666666666667
612,Bridges,HelmertEncoder,LabelEncoder,0.6857142857142857,0.675
613,Bridges,HelmertEncoder,JamesSteinEncoder,0.6857142857142857,0.675
614,Bridges,HelmertEncoder,BaseNEncoder,0.7142857142857143,0.7000000000000002
615,Bridges,HelmertEncoder,HashingEncoder,0.8,0.8
616,Bridges,HelmertEncoder,SumEncoder,0.7142857142857143,0.7000000000000002
617,Bridges,HelmertEncoder,OneHotEncoder,0.7428571428571429,0.75
618,Bridges,HelmertEncoder,FrequencyEncoder,0.6857142857142857,0.675
619,Bridges,HelmertEncoder,TargetEncoder,0.6857142857142857,0.675
620,Bridges,LabelEncoder,BinaryEncoder,0.8,0.7833333333333333
621,Bridges,LabelEncoder,HelmertEncoder,0.8,0.7833333333333333
622,Bridges,LabelEncoder,LabelEncoder,0.8,0.7833333333333333
623,Bridges,LabelEncoder,JamesSteinEncoder,0.8,0.7833333333333333
624,Bridges,LabelEncoder,BaseNEncoder,0.8,0.7833333333333333
625,Bridges,LabelEncoder,HashingEncoder,0.8,0.7833333333333333
626,Bridges,LabelEncoder,SumEncoder,0.8,0.7833333333333333
627,Bridges,LabelEncoder,OneHotEncoder,0.8,0.7833333333333333
628,Bridges,LabelEncoder,FrequencyEncoder,0.8,0.7833333333333333
629,Bridges,LabelEncoder,TargetEncoder,0.8,0.7833333333333333
630,Bridges,JamesSteinEncoder,BinaryEncoder,0.7142857142857143,0.7000000000000002
631,Bridges,JamesSteinEncoder,HelmertEncoder,0.7142857142857143,0.7000000000000002
632,Bridges,JamesSteinEncoder,LabelEncoder,0.7142857142857143,0.7000000000000002
633,Bridges,JamesSteinEncoder,JamesSteinEncoder,0.7142857142857143,0.7000000000000002
634,Bridges,JamesSteinEncoder,BaseNEncoder,0.7142857142857143,0.7000000000000002
635,Bridges,JamesSteinEncoder,HashingEncoder,0.7142857142857143,0.7000000000000002
636,Bridges,JamesSteinEncoder,SumEncoder,0.7142857142857143,0.7000000000000002
637,Bridges,JamesSteinEncoder,OneHotEncoder,0.7142857142857143,0.7000000000000002
638,Bridges,JamesSteinEncoder,FrequencyEncoder,0.7142857142857143,0.7000000000000002
639,Bridges,JamesSteinEncoder,TargetEncoder,0.7142857142857143,0.7000000000000002
640,Bridges,BaseNEncoder,BinaryEncoder,0.7142857142857143,0.6833333333333333
641,Bridges,BaseNEncoder,HelmertEncoder,0.7428571428571429,0.7166666666666666
642,Bridges,BaseNEncoder,LabelEncoder,0.7142857142857143,0.6833333333333333
643,Bridges,BaseNEncoder,JamesSteinEncoder,0.7142857142857143,0.6833333333333333
644,Bridges,BaseNEncoder,BaseNEncoder,0.7142857142857143,0.6833333333333333
645,Bridges,BaseNEncoder,HashingEncoder,0.7142857142857143,0.6833333333333333
646,Bridges,BaseNEncoder,SumEncoder,0.7142857142857143,0.6833333333333333
647,Bridges,BaseNEncoder,OneHotEncoder,0.7142857142857143,0.6833333333333333
648,Bridges,BaseNEncoder,FrequencyEncoder,0.7142857142857143,0.6833333333333333
649,Bridges,BaseNEncoder,TargetEncoder,0.7142857142857143,0.6833333333333333
650,Bridges,HashingEncoder,BinaryEncoder,0.7714285714285715,0.7416666666666666
651,Bridges,HashingEncoder,HelmertEncoder,0.7428571428571429,0.7166666666666666
652,Bridges,HashingEncoder,LabelEncoder,0.7428571428571429,0.7166666666666666
653,Bridges,HashingEncoder,JamesSteinEncoder,0.7428571428571429,0.7166666666666666
654,Bridges,HashingEncoder,BaseNEncoder,0.7714285714285715,0.7416666666666666
655,Bridges,HashingEncoder,HashingEncoder,0.6857142857142857,0.65
656,Bridges,HashingEncoder,SumEncoder,0.7714285714285715,0.7416666666666666
657,Bridges,HashingEncoder,OneHotEncoder,0.7714285714285715,0.7500000000000001
658,Bridges,HashingEncoder,FrequencyEncoder,0.7428571428571429,0.7166666666666666
659,Bridges,HashingEncoder,TargetEncoder,0.7428571428571429,0.7166666666666666
660,Bridges,SumEncoder,BinaryEncoder,0.8,0.8
661,Bridges,SumEncoder,HelmertEncoder,0.7142857142857143,0.7000000000000002
662,Bridges,SumEncoder,LabelEncoder,0.7142857142857143,0.7000000000000002
663,Bridges,SumEncoder,JamesSteinEncoder,0.7142857142857143,0.7000000000000002
664,Bridges,SumEncoder,BaseNEncoder,0.8,0.8
665,Bridges,SumEncoder,HashingEncoder,0.8,0.8
666,Bridges,SumEncoder,SumEncoder,0.7714285714285715,0.775
667,Bridges,SumEncoder,OneHotEncoder,0.7142857142857143,0.7000000000000002
668,Bridges,SumEncoder,FrequencyEncoder,0.7142857142857143,0.7000000000000002
669,Bridges,SumEncoder,TargetEncoder,0.7142857142857143,0.7000000000000002
670,Bridges,OneHotEncoder,BinaryEncoder,0.6857142857142857,0.675
671,Bridges,OneHotEncoder,HelmertEncoder,0.8,0.8
672,Bridges,OneHotEncoder,LabelEncoder,0.6857142857142857,0.675
673,Bridges,OneHotEncoder,JamesSteinEncoder,0.6857142857142857,0.675
674,Bridges,OneHotEncoder,BaseNEncoder,0.6857142857142857,0.675
675,Bridges,OneHotEncoder,HashingEncoder,0.6857142857142857,0.675
676,Bridges,OneHotEncoder,SumEncoder,0.7142857142857143,0.7000000000000002
677,Bridges,OneHotEncoder,OneHotEncoder,0.8,0.8
678,Bridges,OneHotEncoder,FrequencyEncoder,0.6857142857142857,0.675
679,Bridges,OneHotEncoder,TargetEncoder,0.6857142857142857,0.675
680,Bridges,FrequencyEncoder,BinaryEncoder,0.6571428571428571,0.625
681,Bridges,FrequencyEncoder,HelmertEncoder,0.6285714285714286,0.5916666666666667
682,Bridges,FrequencyEncoder,LabelEncoder,0.6571428571428571,0.6166666666666667
683,Bridges,FrequencyEncoder,JamesSteinEncoder,0.6571428571428571,0.6166666666666667
684,Bridges,FrequencyEncoder,BaseNEncoder,0.6571428571428571,0.625
685,Bridges,FrequencyEncoder,HashingEncoder,0.7142857142857143,0.6833333333333333
686,Bridges,FrequencyEncoder,SumEncoder,0.6571428571428571,0.625
687,Bridges,FrequencyEncoder,OneHotEncoder,0.6857142857142857,0.65
688,Bridges,FrequencyEncoder,FrequencyEncoder,0.6571428571428571,0.6166666666666667
689,Bridges,FrequencyEncoder,TargetEncoder,0.6571428571428571,0.6166666666666667
690,Bridges,TargetEncoder,BinaryEncoder,0.7142857142857143,0.7000000000000002
691,Bridges,TargetEncoder,HelmertEncoder,0.7142857142857143,0.7000000000000002
692,Bridges,TargetEncoder,LabelEncoder,0.7142857142857143,0.7000000000000002
693,Bridges,TargetEncoder,JamesSteinEncoder,0.7142857142857143,0.7000000000000002
694,Bridges,TargetEncoder,BaseNEncoder,0.7142857142857143,0.7000000000000002
695,Bridges,TargetEncoder,HashingEncoder,0.7142857142857143,0.7000000000000002
696,Bridges,TargetEncoder,SumEncoder,0.7142857142857143,0.7000000000000002
697,Bridges,TargetEncoder,OneHotEncoder,0.7142857142857143,0.7000000000000002
698,Bridges,TargetEncoder,FrequencyEncoder,0.7142857142857143,0.7000000000000002
699,Bridges,TargetEncoder,TargetEncoder,0.7142857142857143,0.7000000000000002
